PLAYER_ID,PLAYER_NAME,TEAM_ID,GP,MIN,PTS,AST,REB,STL,BLK,TOV
1630639,A.J. Lawson,1610612742,4,38.0,18,1,12,3,1,1
1631260,AJ Green,1610612749,3,36.833333333333336,25,3,6,2,0,2
1631100,AJ Griffin,1610612737,5,100.78333333333333,39,5,10,6,0,4
203932,Aaron Gordon,1610612743,4,82.6,32,9,18,1,3,6
1628988,Aaron Holiday,1610612745,5,74.61166666666666,17,14,15,2,1,5
1630174,Aaron Nesmith,1610612754,4,68.535,42,3,4,3,1,3
1630598,Aaron Wiggins,1610612760,4,66.66666666666667,26,2,14,1,0,0
1641766,Adama Sanogo,1610612741,2,22.316666666666666,11,1,8,2,1,2
1629678,Admiral Schofield,1610612753,3,46.53333333333333,7,5,15,0,0,3
201143,Al Horford,1610612738,3,61.196666666666665,22,6,11,1,3,1
202692,Alec Burks,1610612752,3,49.5,20,4,8,2,0,3
1627936,Alex Caruso,1610612741,3,40.35,21,6,5,5,0,1
1641788,Alex Fudge,1610612742,6,58.45,12,1,11,2,2,1
203458,Alex Len,1610612758,5,62.755,18,9,13,0,11,3
1631214,Alondes Williams,1610612748,1,18.166666666666668,9,2,4,2,0,1
1630578,Alperen Sengun,1610612745,5,114.35166666666667,51,17,35,7,10,8
1641735,Amari Bailey,1610612766,3,12.833333333333334,2,0,0,0,0,2
1641708,Amen Thompson,1610612745,5,108.53666666666666,58,16,22,6,2,11
1628578,Amida Brimah,1610612743,2,6.35,6,0,3,1,1,1
1629599,Amir Coffey,1610612746,4,74.05,21,7,7,1,2,2
203083,Andre Drummond,1610612741,4,70.5,31,5,45,2,2,6
1641748,Andre Jackson Jr.,1610612749,5,72.88333333333334,31,9,21,6,2,5
1641847,Andrew Funk,1610612741,1,18.116666666666667,9,0,3,1,0,0
1629614,Andrew Nembhard,1610612754,1,23.366666666666667,13,2,1,2,0,3
203952,Andrew Wiggins,1610612744,5,104.6,56,6,12,2,2,4
1629014,Anfernee Simons,1610612757,3,64.0,58,5,3,4,0,7
1641710,Anthony Black,1610612753,4,71.11666666666666,14,7,12,5,3,6
203076,Anthony Davis,1610612747,5,90.48333333333333,72,10,27,3,11,4
1630162,Anthony Edwards,1610612750,3,64.23333333333333,49,6,15,0,2,7
1630264,Anthony Gill,1610612764,1,8.283333333333333,2,3,1,2,0,0
1641848,Armaan Franklin,1610612743,1,2.2066666666666666,0,0,0,0,0,0
1629717,Armoni Brooks,1610612751,4,38.85333333333333,24,4,8,1,0,1
1631421,Au'Diese Toney,1610612743,2,4.136666666666667,0,2,0,0,0,0
1641709,Ausar Thompson,1610612765,4,116.52333333333333,47,11,37,3,4,11
1630559,Austin Reaves,1610612747,3,67.35,48,8,9,4,2,5
1630245,Ayo Dosunmu,1610612741,5,114.88333333333334,49,15,14,2,1,6
1628389,Bam Adebayo,1610612748,4,71.63333333333334,64,9,21,1,4,8
1641767,Ben Sheppard,1610612754,4,78.635,38,9,12,2,1,3
1627732,Ben Simmons,1610612751,4,88.76666666666667,26,28,21,5,1,15
1631097,Bennedict Mathurin,1610612754,4,84.66833333333334,50,9,18,1,0,10
1641731,Bilal Coulibaly,1610612764,4,93.96666666666667,26,5,16,11,3,1
1631104,Blake Wesley,1610612759,5,69.16666666666667,23,16,9,3,4,9
1626246,Boban Marjanović,1610612745,2,11.5,6,2,7,1,0,1
1626171,Bobby Portis,1610612749,3,48.45,25,7,20,0,0,0
203992,Bogdan Bogdanović,1610612737,4,82.56666666666666,29,12,16,7,0,8
1629626,Bol Bol,1610612756,5,50.9,19,2,11,0,3,8
1630538,Bones Hyland,1610612746,4,78.36666666666666,62,16,16,5,2,8
203078,Bradley Beal,1610612756,2,31.583333333333332,22,5,4,2,0,2
1641764,Brandin Podziemski,1610612744,4,93.95333333333333,25,22,23,3,2,4
1630527,Brandon Boston,1610612746,1,0.65,0,0,1,0,0,0
1627742,Brandon Ingram,1610612740,4,87.88333333333334,48,13,17,6,1,13
1641706,Brandon Miller,1610612766,4,104.2,33,10,23,5,1,11
1630314,Brandon Williams,1610612742,3,35.30166666666667,19,2,4,4,0,3
1630296,Braxton Key,1610612743,5,75.635,31,9,18,3,3,11
1641729,Brice Sensabaugh,1610612762,1,16.683333333333334,6,1,1,1,0,0
201572,Brook Lopez,1610612749,4,68.76666666666667,43,3,14,1,4,4
1628971,Bruce Brown,1610612761,4,80.56666666666666,28,12,10,4,4,2
1628981,Bruno Fernando,1610612737,5,89.78333333333333,25,7,21,1,5,16
1631121,Bryce McGowens,1610612766,2,24.133333333333333,6,2,2,0,1,2
1631258,Bryson Williams,1610612746,2,12.133333333333333,7,0,1,0,1,0
1631205,Buddy Boeheim,1610612765,2,12.188333333333333,6,1,1,0,0,0
1627741,Buddy Hield,1610612755,4,78.81333333333333,41,17,14,2,2,8
203468,CJ McCollum,1610612740,4,86.34333333333333,47,10,10,2,4,11
1630595,Cade Cunningham,1610612765,3,67.35,33,16,13,0,0,7
1631216,Caleb Houstan,1610612753,2,35.733333333333334,18,2,7,3,0,0
1628997,Caleb Martin,1610612748,1,12.766666666666667,4,2,4,0,0,0
1629629,Cam Reddish,1610612747,3,54.36666666666667,13,1,9,4,0,8
1630560,Cam Thomas,1610612751,4,92.16666666666667,65,7,9,1,0,7
1641715,Cam Whitmore,1610612745,5,89.08333333333333,57,3,16,7,1,4
1626166,Cameron Payne,1610612755,4,61.33166666666666,20,15,5,2,0,4
1627747,Caris LeVert,1610612739,3,64.06666666666666,32,11,6,6,2,8
1630637,Carlik Jones,1610612741,4,43.93333333333333,8,8,5,2,0,2
1641717,Cason Wallace,1610612760,4,78.77333333333333,29,8,11,6,0,5
1626224,Cedi Osman,1610612759,5,93.33333333333333,43,11,18,3,2,1
1629646,Charles Bassey,1610612759,5,75.21666666666667,29,10,30,0,6,8
1641777,Charles Bediako,1610612759,2,8.666666666666666,4,0,1,0,0,0
1629718,Charlie Brown Jr.,1610612752,3,8.35,3,1,1,0,0,0
1641914,Chase Audige,1610612764,1,6.316666666666666,0,1,1,1,0,0
1627767,Cheick Diallo,1610612748,3,20.8,6,2,8,1,0,2
1631096,Chet Holmgren,1610612760,4,77.03333333333333,65,5,20,1,8,6
1629002,Chimezie Metu,1610612765,5,88.2,41,5,17,3,3,7
1628449,Chris Boucher,1610612761,4,58.78333333333333,30,0,19,3,4,6
1630537,Chris Duarte,1610612758,3,42.13333333333333,19,2,3,1,0,5
1641753,Chris Livingston,1610612749,3,27.683333333333334,15,0,4,0,1,1
101108,Chris Paul,1610612744,4,80.63166666666666,30,23,16,2,0,12
1626174,Christian Wood,1610612747,6,101.78333333333333,41,4,28,4,1,7
1629643,Chuma Okeke,1610612753,4,57.36833333333333,10,6,9,2,1,2
203991,Clint Capela,1610612737,3,50.983333333333334,23,1,17,3,1,0
1629632,Coby White,1610612741,5,121.11666666666666,66,20,16,4,0,13
1641732,Colby Jones,1610612758,5,77.4,45,9,8,6,0,3
1630175,Cole Anthony,1610612753,3,47.89833333333333,28,12,10,3,0,4
1631306,Cole Swider,1610612748,5,99.2,56,6,10,0,0,6
1630658,Colin Castleton,1610612747,6,66.08333333333333,33,3,32,2,9,8
1631221,Collin Gillespie,1610612743,5,65.27833333333334,26,11,8,1,1,5
1629012,Collin Sexton,1610612762,5,90.86666666666666,56,17,10,1,1,8
1630557,Corey Kispert,1610612764,4,76.93333333333334,37,8,8,3,0,3
202709,Cory Joseph,1610612744,2,29.733333333333334,9,8,5,2,1,1
1641854,Craig Porter Jr.,1610612739,4,38.9,24,9,6,0,1,3
1626156,D'Angelo Russell,1610612747,6,124.86666666666666,81,32,12,8,5,12
1641793,D'Moi Hodge,1610612747,6,62.733333333333334,27,1,9,6,2,2
1630618,D.J. Carton,1610612761,1,3.283333333333333,0,0,0,0,0,1
1628391,D.J. Wilson,1610612755,2,12.033333333333333,0,2,3,0,0,1
1630569,DJ Steward,1610612738,3,12.35,5,0,2,0,0,2
1629610,DaQuan Jeffries,1610612752,3,37.65,11,4,1,0,0,1
1631342,Daeqwon Plowden,1610612753,1,23.433333333333334,3,2,2,1,0,0
1630227,Daishen Nix,1610612750,4,42.3,24,13,6,0,0,6
1630625,Dalano Banton,1610612757,5,87.91666666666667,34,6,12,3,1,5
1631207,Dalen Terry,1610612741,5,64.93333333333334,13,9,12,6,2,3
1627745,Damian Jones,1610612739,4,58.47666666666667,19,0,13,0,5,5
203081,Damian Lillard,1610612749,3,74.45,38,9,8,6,2,5
1641878,Damion Baugh,1610612747,1,5.516666666666667,0,0,1,0,0,0
1629655,Daniel Gafford,1610612742,4,79.46666666666667,32,2,20,2,10,2
1628464,Daniel Theis,1610612746,1,18.416666666666668,2,0,5,1,2,3
201568,Danilo Gallinari,1610612749,4,59.81666666666667,37,6,12,2,2,3
201980,Danny Green,1610612755,4,55.63333333333333,20,4,3,5,1,2
203957,Danté Exum,1610612742,4,75.63333333333334,27,22,12,1,3,5
1627863,Danuel House Jr.,1610612755,2,29.096666666666668,2,4,6,1,0,1
203967,Dario Šarić,1610612744,5,90.47666666666667,52,9,17,7,0,7
1629647,Darius Bazley,1610612762,3,60.24666666666667,17,6,19,3,1,8
1630620,Darius Days,1610612745,4,27.805,16,2,11,4,0,1
1629636,Darius Garland,1610612739,2,33.3,21,4,2,1,1,3
1630561,David Duke Jr.,1610612759,3,16.8,7,2,3,1,0,2
1631223,David Roddy,1610612756,5,113.01666666666667,51,9,24,4,2,12
1630558,Davion Mitchell,1610612758,5,100.07,37,17,5,3,2,9
1630549,Day'Ron Sharpe,1610612751,3,40.846666666666664,28,1,21,2,5,0
1628368,De'Aaron Fox,1610612758,4,97.51666666666667,62,17,18,4,2,3
1629631,De'Andre Hunter,1610612737,2,43.516666666666666,22,4,11,0,1,2
1629001,De'Anthony Melton,1610612755,3,77.68833333333333,54,14,14,7,4,4
201599,DeAndre Jordan,1610612743,3,38.7,12,10,12,3,0,6
201942,DeMar DeRozan,1610612741,4,100.45166666666667,52,10,5,7,1,6
1629731,Dean Wade,1610612739,4,77.56666666666666,35,4,19,2,0,4
1629028,Deandre Ayton,1610612757,2,38.56666666666667,15,5,12,2,2,2
1627749,Dejounte Murray,1610612737,4,80.06666666666666,37,11,15,8,0,8
1626153,Delon Wright,1610612748,4,70.76666666666667,20,13,9,5,1,7
1630166,Deni Avdija,1610612764,2,34.65,20,3,12,0,1,4
203471,Dennis Schröder,1610612751,4,84.66666666666667,32,23,14,2,0,8
1628372,Dennis Smith Jr.,1610612751,2,15.361666666666666,6,3,1,2,0,0
1629126,Deonte Burton,1610612758,1,6.95,0,1,0,1,0,0
1641726,Dereck Lively II,1610612742,4,81.53333333333333,24,4,20,2,7,3
1631220,Dereon Seabron,1610612740,4,56.083333333333336,24,7,10,2,0,3
1627884,Derrick Jones Jr.,1610612742,3,43.083333333333336,19,1,7,1,1,0
201565,Derrick Rose,1610612763,3,55.28333333333333,20,14,5,0,0,4
1628401,Derrick White,1610612738,4,89.18333333333334,42,9,16,5,7,9
1630217,Desmond Bane,1610612763,4,100.16666666666667,88,17,17,2,2,9
1626164,Devin Booker,1610612756,3,53.416666666666664,49,11,3,3,0,4
1630170,Devin Vassell,1610612759,4,90.48333333333333,65,8,9,5,1,3
1628984,Devonte' Graham,1610612759,3,37.46666666666667,16,1,7,1,0,4
1641926,Dexter Dennis,1610612742,4,38.3,14,1,4,3,2,0
1628415,Dillon Brooks,1610612745,4,81.31666666666666,24,5,7,4,0,10
1627734,Domantas Sabonis,1610612758,4,99.57333333333334,48,24,43,2,0,10
1631230,Dominick Barlow,1610612759,5,45.416666666666664,28,5,10,1,1,1
1628378,Donovan Mitchell,1610612739,3,74.26666666666667,47,9,10,8,1,7
1631495,Donovan Williams,1610612744,2,6.363333333333333,2,0,3,0,0,1
1628978,Donte DiVincenzo,1610612752,4,91.16666666666667,34,8,11,3,0,10
1627827,Dorian Finney-Smith,1610612751,4,82.63,32,5,7,1,1,4
203926,Doug McDermott,1610612754,4,64.86333333333333,20,3,5,0,1,4
1629234,Drew Eubanks,1610612756,4,72.31666666666666,26,11,26,4,4,5
1641809,Drew Peterson,1610612738,1,20.983333333333334,2,1,5,0,0,2
1631166,Drew Timme,1610612749,2,12.466666666666667,3,1,2,0,0,0
1630696,Dru Smith,1610612748,4,94.3,26,21,9,7,1,12
1630613,Duane Washington Jr.,1610612752,1,2.95,0,1,0,0,0,0
1629130,Duncan Robinson,1610612748,5,109.41666666666667,42,13,15,2,0,8
1641871,Duop Reath,1610612757,4,67.25,31,5,17,2,2,4
203939,Dwight Powell,1610612742,4,52.5,25,3,12,4,1,3
1629685,Dylan Windler,1610612737,1,6.366666666666666,0,0,0,0,0,0
1630700,Dyson Daniels,1610612740,4,93.25,35,9,18,6,2,6
202722,Dāvis Bertāns,1610612766,4,41.6,36,2,4,3,0,0
1630604,E.J. Liddell,1610612740,4,61.45,16,5,14,2,1,2
1628410,Edmond Sumner,1610612766,4,54.25,12,7,10,2,1,7
1641734,Emoni Bates,1610612739,4,60.75,42,2,10,1,2,4
201569,Eric Gordon,1610612756,4,62.236666666666665,47,8,7,1,1,4
1630647,Eugene Omoruyi,1610612764,3,36.0,38,1,9,6,0,2
203095,Evan Fournier,1610612765,4,75.73666666666666,42,2,9,1,0,1
1630596,Evan Mobley,1610612739,3,67.11666666666666,39,3,21,2,3,3
1630196,Filip Petrusev,1610612758,3,39.56666666666667,15,5,10,0,1,1
1628373,Frank Ntilikina,1610612766,4,65.46666666666667,12,11,6,5,2,3
1630532,Franz Wagner,1610612753,3,52.88333333333333,46,8,9,2,2,0
1627832,Fred VanVleet,1610612745,4,93.61666666666666,48,15,7,10,3,5
1627788,Furkan Korkmaz,1610612755,1,19.6,8,2,2,0,0,1
1641713,GG Jackson,1610612763,4,56.233333333333334,26,1,5,0,2,3
1629216,Gabe Vincent,1610612747,3,58.083333333333336,25,7,1,0,0,3
202066,Garrett Temple,1610612761,3,29.016666666666666,4,2,3,0,1,2
1629726,Garrison Mathews,1610612737,5,57.21666666666667,33,3,9,1,0,4
203914,Gary Harris,1610612753,2,33.43333333333333,12,4,4,2,2,1
1627780,Gary Payton II,1610612744,5,83.845,24,5,11,8,3,3
1629018,Gary Trent Jr.,1610612761,3,63.61666666666667,41,7,6,5,1,6
1642022,George Conditt IV,1610612757,1,8.75,2,0,3,2,2,0
1627777,Georges Niang,1610612739,4,79.33333333333333,29,5,11,3,3,5
203507,Giannis Antetokounmpo,1610612749,3,67.45,60,7,25,5,4,11
1629048,Goga Bitadze,1610612753,4,53.65,27,6,15,1,5,4
202330,Gordon Hayward,1610612760,2,48.1,26,4,8,3,1,1
1641711,Gradey Dick,1610612761,4,66.48833333333333,29,4,9,4,0,5
1629684,Grant Williams,1610612766,4,86.61666666666666,25,10,20,2,4,6
1628960,Grayson Allen,1610612756,4,92.95,47,15,10,6,2,10
1630535,Greg Brown III,1610612742,2,19.65,4,0,7,0,2,1
203084,Harrison Barnes,1610612758,5,110.58333333333333,42,8,10,5,1,1
1628385,Harry Giles III,1610612747,2,31.401666666666667,20,0,14,1,0,1
1629312,Haywood Highsmith,1610612748,4,96.7,37,6,7,6,2,1
1630929,Henri Drell,1610612741,1,4.75,0,1,0,0,0,0
1630529,Herbert Jones,1610612740,4,71.51666666666667,27,3,13,4,3,5
1641816,Hunter Tyson,1610612743,5,124.33166666666666,47,9,23,5,2,2
1630193,Immanuel Quickley,1610612761,2,45.3,30,4,1,6,0,5
1630171,Isaac Okoro,1610612739,4,88.02833333333334,35,13,14,2,1,4
1628392,Isaiah Hartenstein,1610612752,4,76.75,38,8,20,3,1,9
1630543,Isaiah Jackson,1610612754,4,48.55,12,2,15,1,3,5
1630198,Isaiah Joe,1610612760,4,65.39,45,3,7,2,0,2
1630600,Isaiah Mobley,1610612739,4,38.95,20,5,11,2,3,5
1629676,Isaiah Roby,1610612752,2,27.2,16,3,5,1,1,0
1630191,Isaiah Stewart,1610612765,4,87.425,42,6,18,2,6,5
1631209,Isaiah Wong,1610612754,3,22.466666666666665,4,4,2,0,0,2
1627826,Ivica Zubac,1610612746,4,65.65,26,2,22,0,5,2
1631167,Izaiah Brockington,1610612740,1,3.65,0,0,0,2,0,1
1631120,JD Davison,1610612738,3,37.7,9,10,4,1,0,1
1630550,JT Thor,1610612766,4,90.36666666666666,33,2,20,1,5,6
201580,JaVale McGee,1610612758,4,60.88333333333333,33,7,14,2,4,11
1631095,Jabari Smith Jr.,1610612745,5,125.46666666666667,72,7,38,2,2,9
1631133,Jabari Walker,1610612757,4,64.1,39,3,27,5,0,3
1631298,Jack White,1610612763,4,47.333333333333336,16,2,11,1,2,2
1631367,Jacob Gilyard,1610612751,5,93.1,17,27,13,7,1,8
1631210,Jacob Toppin,1610612752,1,9.666666666666666,4,0,2,0,2,0
1630702,Jaden Hardy,1610612742,3,56.68333333333333,44,7,10,3,0,9
1631093,Jaden Ivey,1610612765,4,89.68333333333334,48,13,16,3,2,13
1630183,Jaden McDaniels,1610612750,1,19.3,9,1,5,0,1,1
1630531,Jaden Springer,1610612738,4,79.29833333333333,41,5,15,5,2,4
203109,Jae Crowder,1610612749,4,90.29,37,8,21,2,0,3
1630256,Jae'Sean Tate,1610612745,5,75.365,29,6,18,6,0,1
1631170,Jaime Jaquez Jr.,1610612748,1,23.716666666666665,13,2,7,0,0,2
1631222,Jake LaRavia,1610612763,3,65.1,37,5,12,2,4,3
1627751,Jakob Poeltl,1610612761,2,37.38333333333333,12,4,14,2,2,4
1628973,Jalen Brunson,1610612752,3,44.61666666666667,31,10,8,1,0,5
1630622,Jalen Crutcher,1610612740,2,14.566666666666666,8,4,1,0,0,1
1631105,Jalen Duren,1610612765,3,51.88333333333333,23,3,11,2,2,4
1630224,Jalen Green,1610612745,3,77.1,43,5,9,3,0,6
1641720,Jalen Hood-Schifino,1610612747,4,74.95,11,16,14,2,2,7
1630552,Jalen Johnson,1610612737,5,96.53333333333333,46,17,20,6,2,5
1629667,Jalen McDaniels,1610612761,4,74.75,32,5,17,1,3,1
1629618,Jalen Pickett,1610612743,5,77.63333333333334,20,9,6,0,1,3
1641771,Jalen Slawson,1610612758,4,23.971666666666668,4,3,6,2,1,2
1630188,Jalen Smith,1610612754,4,71.88333333333334,31,0,25,0,6,6
1630591,Jalen Suggs,1610612753,3,55.65,23,4,10,5,2,4
1631114,Jalen Williams,1610612760,4,91.15,67,12,11,7,1,7
1630592,Jalen Wilson,1610612751,4,38.56666666666667,12,2,2,0,0,1
1631288,Jamal Cain,1610612748,4,85.73333333333333,45,3,33,2,0,3
1627750,Jamal Murray,1610612743,4,86.18333333333334,47,22,8,6,1,4
1630164,James Wiseman,1610612765,4,60.096666666666664,30,3,21,2,3,7
1630691,Jamorko Pickett,1610612743,2,8.116666666666667,3,1,1,1,0,2
1641716,Jarace Walker,1610612754,4,77.29833333333333,35,8,20,3,3,6
1630215,Jared Butler,1610612764,4,35.15,15,10,11,3,0,3
1631197,Jared Rhoden,1610612765,3,42.983333333333334,15,4,9,2,0,1
1628991,Jaren Jackson Jr.,1610612763,4,93.83333333333333,56,8,20,4,10,8
1629020,Jarred Vanderbilt,1610612747,1,13.533333333333333,6,0,5,1,0,2
1641881,Javan Johnson,1610612744,1,9.316666666666666,5,1,1,0,0,0
1631241,Javon Freeman-Liberty,1610612761,4,39.916666666666664,27,5,12,2,1,3
1630606,Javonte Smart,1610612755,4,33.083333333333336,18,6,3,3,0,3
1629637,Jaxson Hayes,1610612747,6,97.56666666666666,33,10,22,4,5,7
1630643,Jay Huff,1610612743,1,17.166666666666668,5,1,6,0,2,2
1627759,Jaylen Brown,1610612738,3,78.55,56,8,10,2,1,9
1641798,Jaylen Martin,1610612751,1,2.95,0,0,0,0,0,0
1629669,Jaylen Nowell,1610612765,2,12.85,5,1,1,0,0,0
1631119,Jaylin Williams,1610612760,2,39.666666666666664,23,5,16,0,1,1
1628369,Jayson Tatum,1610612738,3,79.71666666666667,52,16,24,7,1,5
1641789,Jazian Gortman,1610612749,1,4.933333333333334,0,1,0,0,0,2
1630288,Jeff Dowtin Jr.,1610612755,1,8.45,8,1,2,1,0,1
201145,Jeff Green,1610612745,3,42.81666666666667,12,6,8,0,1,2
203924,Jerami Grant,1610612757,3,66.0,37,2,5,1,1,4
1630526,Jeremiah Robinson-Earl,1610612740,3,42.89333333333333,10,7,11,0,0,1
203087,Jeremy Lamb,1610612758,1,6.95,6,1,0,0,0,0
1631110,Jeremy Sochan,1610612759,4,97.85,36,13,25,7,0,5
1630579,Jericho Sims,1610612752,4,78.74,4,6,19,1,4,2
1631257,Jermaine Samuels Jr.,1610612745,4,46.266666666666666,16,6,10,3,0,2
1629010,Jerome Robinson,1610612744,2,29.613333333333333,10,4,5,0,0,2
1641724,Jett Howard,1610612753,4,69.48333333333333,37,3,6,1,1,3
1628975,Jevon Carter,1610612741,5,95.06666666666666,32,11,6,4,1,3
1629111,Jock Landale,1610612745,3,49.675,22,3,9,3,1,4
203925,Joe Harris,1610612765,3,42.905,20,3,3,2,1,1
204060,Joe Ingles,1610612753,2,30.35,8,2,3,0,2,1
1630580,Joe Wieskamp,1610612742,3,11.533333333333333,3,0,0,1,0,0
203954,Joel Embiid,1610612755,1,33.166666666666664,21,1,5,1,2,3
1628381,John Collins,1610612762,4,78.35,32,2,15,0,1,7
1629723,John Konchar,1610612763,1,18.233333333333334,5,1,2,1,0,0
1631098,Johnny Davis,1610612764,2,47.38333333333333,22,5,11,1,3,1
1630548,Johnny Juzang,1610612762,1,14.716666666666667,7,4,3,2,1,1
202685,Jonas Valančiūnas,1610612740,4,85.36666666666666,24,5,26,3,3,7
1628371,Jonathan Isaac,1610612753,3,27.483333333333334,11,0,4,2,6,1
1630228,Jonathan Kuminga,1610612744,5,135.27833333333334,109,15,29,4,2,20
1629007,Jontay Porter,1610612761,1,9.0,2,0,2,0,2,0
203903,Jordan Clarkson,1610612762,4,76.33333333333333,39,12,11,3,1,11
1630259,Jordan Ford,1610612758,3,20.066666666666666,14,2,4,0,0,0
1630692,Jordan Goodwin,1610612763,3,48.8,20,6,14,8,2,4
1641722,Jordan Hawkins,1610612740,4,84.5,42,5,8,1,1,6
1629162,Jordan McLaughlin,1610612750,4,45.93333333333333,24,12,5,3,0,4
1641757,Jordan Miller,1610612746,4,32.5,8,4,4,2,1,2
1629670,Jordan Nwora,1610612761,4,42.36666666666667,17,3,5,1,1,2
1629673,Jordan Poole,1610612764,4,89.0,77,11,12,4,0,9
1641948,Jordan Walker,1610612742,3,24.283333333333335,17,5,1,1,0,3
1641775,Jordan Walsh,1610612738,3,40.45,7,1,10,3,0,2
1630528,Josh Christopher,1610612762,1,8.216666666666667,4,0,0,1,1,1
1630581,Josh Giddey,1610612760,4,89.06833333333333,48,21,22,2,0,11
1630182,Josh Green,1610612742,4,82.5,43,6,12,3,1,7
1628404,Josh Hart,1610612752,2,26.133333333333333,11,4,6,1,0,5
1631169,Josh Minott,1610612750,5,80.8,38,14,15,1,4,5
1629006,Josh Okogie,1610612756,4,80.16,35,9,18,5,2,3
1626196,Josh Richardson,1610612748,2,28.066666666666666,7,3,4,2,0,2
201950,Jrue Holiday,1610612738,4,90.95,38,14,19,7,0,6
1631262,Jules Bernard,1610612764,2,12.483333333333333,6,0,4,1,0,2
1630577,Julian Champagnie,1610612759,5,89.01666666666667,26,6,21,1,3,2
1641763,Julian Phillips,1610612741,5,59.95,21,1,9,1,4,1
1631124,Julian Strawther,1610612743,4,92.73833333333333,71,5,6,1,2,2
203944,Julius Randle,1610612752,3,64.66,38,4,22,0,0,4
1630551,Justin Champagnie,1610612764,4,88.21666666666667,30,6,22,3,3,6
203200,Justin Holiday,1610612743,5,103.38333333333334,22,7,7,5,2,4
1631171,Justin Lewis,1610612741,2,12.15,4,0,3,0,0,0
1631303,Justin Minaya,1610612757,2,41.56666666666667,7,6,7,5,0,2
1641920,Justin Powell,1610612739,2,12.883333333333333,3,0,1,0,0,1
203994,Jusuf Nurkić,1610612756,4,71.885,35,10,25,3,1,8
1630231,KJ Martin,1610612755,4,69.48333333333333,26,5,18,1,0,7
1629232,Kaiser Gates,1610612740,3,20.916666666666668,11,3,2,0,0,0
1626157,Karl-Anthony Towns,1610612750,3,61.766666666666666,51,6,12,2,3,7
202695,Kawhi Leonard,1610612746,3,51.56666666666667,34,4,6,3,0,2
1631099,Keegan Murray,1610612758,3,73.1,44,3,14,3,1,0
1628966,Keita Bates-Diop,1610612751,5,97.765,28,5,20,5,1,4
1629640,Keldon Johnson,1610612759,3,67.4,27,8,15,3,1,6
203482,Kelly Olynyk,1610612761,4,69.01666666666667,14,12,15,3,3,5
1626162,Kelly Oubre Jr.,1610612755,4,92.53333333333333,56,7,13,4,4,7
1631112,Kendall Brown,1610612754,2,25.8,4,2,4,0,1,3
1630660,Kendric Davis,1610612744,1,8.366666666666667,5,2,2,0,0,0
1631254,Kenneth Lofton Jr.,1610612762,5,96.06666666666666,48,9,16,3,2,8
1629026,Kenrich Williams,1610612760,2,26.765,5,8,6,1,2,1
203484,Kentavious Caldwell-Pope,1610612743,4,82.43333333333334,38,8,6,5,0,3
1631165,Keon Ellis,1610612758,3,41.18333333333333,14,3,8,1,3,3
1630553,Keon Johnson,1610612751,5,68.36666666666666,23,5,5,4,1,8
1630556,Kessler Edwards,1610612758,5,53.181666666666665,20,2,17,2,0,3
201142,Kevin Durant,1610612756,4,66.01666666666667,68,13,14,0,0,6
1628989,Kevin Huerter,1610612758,5,101.49,33,7,11,1,0,7
1628995,Kevin Knox II,1610612765,2,20.45,17,1,5,1,0,3
201567,Kevin Love,1610612748,3,48.18333333333333,13,4,15,2,4,4
1626172,Kevon Looney,1610612744,4,66.5,19,7,28,1,1,4
1641749,Keyontae Johnson,1610612760,4,46.23,16,2,4,2,1,1
1641718,Keyonte George,1610612762,5,112.45,52,18,7,3,2,8
203920,Khem Birch,1610612759,1,10.783333333333333,0,2,4,0,1,2
203114,Khris Middleton,1610612749,1,11.783333333333333,5,5,1,0,0,0
1630165,Killian Hayes,1610612765,3,68.81666666666666,37,12,3,6,1,3
1630184,Kira Lewis Jr.,1610612762,4,78.17333333333333,33,8,7,4,0,5
202691,Klay Thompson,1610612744,5,102.06666666666666,44,6,20,0,1,7
1641738,Kobe Brown,1610612746,4,77.1,28,4,12,4,4,5
1641723,Kobe Bufkin,1610612737,5,95.2,36,9,14,1,1,6
1627739,Kris Dunn,1610612762,5,76.06666666666666,40,14,11,8,2,6
1631200,Kris Murray,1610612757,4,76.75,23,6,15,5,2,3
204001,Kristaps Porziņģis,1610612738,4,92.42,62,1,30,2,4,9
203937,Kyle Anderson,1610612750,4,77.53333333333333,15,19,7,1,2,7
1628398,Kyle Kuzma,1610612764,2,43.733333333333334,41,5,8,0,0,7
200768,Kyle Lowry,1610612755,3,56.85,14,10,5,1,0,4
202681,Kyrie Irving,1610612742,2,40.516666666666666,19,13,9,2,2,2
1630163,LaMelo Ball,1610612766,4,88.13333333333334,61,19,17,5,1,9
1630205,Lamar Stevens,1610612763,4,60.28333333333333,30,1,18,2,1,4
1641805,Landers Nolley II,1610612740,1,4.8,2,0,0,0,0,0
1628374,Lauri Markkanen,1610612762,4,83.75,67,3,32,2,2,5
2544,LeBron James,1610612747,3,56.483333333333334,41,13,11,1,1,6
1631159,Leonard Miller,1610612750,5,67.98333333333333,39,3,24,4,4,9
1631311,Lester Quinones,1610612744,4,46.083333333333336,22,7,8,1,1,4
1629623,Lindell Wigginton,1610612749,3,51.516666666666666,5,8,7,4,2,7
1630322,Lindy Waters III,1610612760,4,47.708333333333336,31,3,11,2,0,1
1629022,Lonnie Walker IV,1610612751,4,75.95,61,4,8,6,1,4
1629652,Luguentz Dort,1610612760,4,87.57666666666667,49,3,11,1,0,3
1629029,Luka Dončić,1610612742,3,40.833333333333336,52,8,10,2,0,6
1630568,Luka Garza,1610612750,5,74.78333333333333,66,7,21,2,2,4
1629677,Luka Samanic,1610612762,5,46.6,16,4,11,3,1,4
1628379,Luke Kennard,1610612763,4,73.85,23,8,6,0,1,3
1628436,Luke Kornet,1610612738,4,59.083333333333336,13,7,10,0,2,4
1630644,Mac McClung,1610612753,3,30.25,16,3,5,2,1,2
1630588,Makur Maker,1610612761,1,8.45,4,1,3,1,0,0
1630201,Malachi Flynn,1610612765,4,77.1,30,15,20,2,1,6
1631103,Malaki Branham,1610612759,5,103.23666666666666,53,8,11,4,2,5
1627763,Malcolm Brogdon,1610612757,2,29.866666666666667,15,3,7,1,0,6
1630608,Malcolm Cazalon,1610612765,2,26.616666666666667,16,4,3,1,0,2
1630792,Malcolm Hill,1610612740,2,13.716666666666667,7,1,1,0,1,1
1627736,Malik Beasley,1610612749,5,112.32166666666667,61,10,13,4,0,3
1628370,Malik Monk,1610612758,5,99.76666666666667,47,21,8,4,2,12
1630699,MarJon Beauchamp,1610612749,5,99.295,55,11,25,4,1,9
1631204,Marcus Sasser,1610612765,4,75.28333333333333,42,15,13,0,1,7
203935,Marcus Smart,1610612763,1,24.35,11,6,1,1,0,2
1631109,Mark Williams,1610612766,4,91.15,37,6,31,4,4,4
1628365,Markelle Fultz,1610612753,3,59.4,27,13,11,2,0,4
202693,Markieff Morris,1610612742,2,13.75,7,2,1,1,1,0
1641806,Markquis Nowell,1610612761,3,22.3,4,5,2,1,1,4
1629716,Marques Bolden,1610612766,3,33.935,5,0,11,1,2,4
1628963,Marvin Bagley III,1610612764,4,71.64833333333333,49,4,24,1,0,1
203486,Mason Plumlee,1610612746,3,37.583333333333336,15,5,13,3,2,6
1629680,Matisse Thybulle,1610612757,3,52.05,16,3,4,4,3,1
1630562,Matt Hurt,1610612763,2,25.833333333333332,3,1,3,2,0,2
1630346,Matt Ryan,1610612740,4,53.43333333333333,18,8,11,1,0,2
1630571,Matthew Mayer,1610612745,1,3.7,3,0,2,0,0,0
1631108,Max Christie,1610612747,6,132.45,48,7,17,3,1,9
1641972,Max Heidegger,1610612741,1,5.416666666666667,1,0,0,0,0,0
1629622,Max Strus,1610612739,3,66.7,23,8,10,4,0,8
1628467,Maxi Kleber,1610612742,4,51.5,9,0,10,0,0,1
1641721,Maxwell Lewis,1610612747,6,79.51666666666667,30,9,5,1,1,10
1630695,Micah Potter,1610612762,1,14.716666666666667,8,0,3,0,0,1
1628969,Mikal Bridges,1610612751,3,68.25,42,6,10,1,0,6
201144,Mike Conley,1610612750,3,43.083333333333336,14,8,4,3,0,5
203488,Mike Muscala,1610612760,3,54.516666666666666,26,3,12,3,2,1
1630540,Miles McBride,1610612752,4,86.88333333333334,43,17,6,6,0,6
1641936,Miles Norris,1610612737,3,18.416666666666668,2,3,4,2,0,1
1629011,Mitchell Robinson,1610612752,4,88.96666666666667,42,1,32,7,4,1
1628964,Mo Bamba,1610612755,3,37.94833333333333,7,1,10,1,0,2
1629021,Moritz Wagner,1610612753,3,45.79833333333333,36,2,7,3,0,3
1629650,Moses Brown,1610612757,4,46.416666666666664,15,1,17,2,4,4
1630541,Moses Moody,1610612744,5,102.665,66,4,18,3,1,8
1631338,Mouhamadou Gueye,1610612761,3,30.483333333333334,14,3,11,2,1,3
1631243,Mouhamed Gueye,1610612737,5,61.35,27,6,14,3,1,6
1631217,Moussa Diabaté,1610612746,3,47.016666666666666,19,0,17,3,4,2
1628539,Mychal Mulder,1610612763,2,16.216666666666665,3,0,2,0,0,1
1626167,Myles Turner,1610612754,3,54.95,27,2,16,2,7,2
1630230,Naji Marshall,1610612740,3,54.75,12,5,6,7,0,7
1629642,Nassir Little,1610612756,5,104.38333333333334,30,7,16,3,0,1
1630207,Nate Hinton,1610612745,3,23.55,6,1,7,0,1,1
1631466,Nate Williams,1610612745,5,51.13333333333333,43,3,14,2,1,1
1630233,Nathan Knight,1610612752,2,8.383333333333333,4,1,1,0,1,0
1641877,Nathan Mensah,1610612766,4,15.666666666666666,9,0,5,0,0,1
1629675,Naz Reid,1610612750,4,72.56666666666666,66,6,19,4,1,5
1629674,Neemias Queta,1610612738,3,34.483333333333334,29,2,14,1,1,3
1629651,Nic Claxton,1610612751,3,63.92333333333333,27,4,13,2,6,5
1630208,Nick Richards,1610612766,4,85.18333333333334,39,2,33,0,3,6
1641733,Nick Smith Jr.,1610612766,4,57.45,31,4,12,1,0,7
1629638,Nickeil Alexander-Walker,1610612750,4,78.4,28,7,9,3,3,2
201587,Nicolas Batum,1610612755,3,40.166666666666664,13,1,7,2,0,1
203999,Nikola Jokić,1610612743,4,87.50333333333333,66,19,32,6,2,8
1631107,Nikola Jović,1610612748,3,56.8,21,4,9,0,2,6
202696,Nikola Vučević,1610612741,4,99.68333333333334,55,8,28,3,2,9
1641730,Noah Clowney,1610612751,3,36.181666666666665,17,1,15,0,0,4
1626181,Norman Powell,1610612746,3,59.36666666666667,21,3,3,1,0,5
1628384,OG Anunoby,1610612752,4,89.41166666666666,46,11,7,5,1,5
1630167,Obi Toppin,1610612754,4,78.78333333333333,39,3,23,2,1,3
1630534,Ochai Agbaji,1610612761,5,98.11666666666666,42,5,15,2,3,4
1630846,Olivier Sarr,1610612760,4,54.068333333333335,19,5,17,1,3,3
1641765,Olivier-Maxence Prosper,1610612742,4,63.4,18,1,13,0,0,2
1641760,Omari Moore,1610612749,1,4.933333333333334,0,0,1,0,0,0
1630209,Omer Yurtseven,1610612762,5,63.516666666666666,19,1,24,2,1,2
1641931,Onuralp Bitim,1610612741,3,24.5,17,0,2,0,0,2
1630168,Onyeka Okongwu,1610612737,4,90.46666666666667,55,5,21,0,2,7
1631115,Orlando Robinson,1610612748,5,70.58333333333333,38,6,22,3,3,10
1631131,Oscar Tshiebwe,1610612754,2,11.466666666666667,4,1,2,0,0,0
1629052,Oshae Brissett,1610612738,5,74.76666666666667,21,4,22,0,0,5
203490,Otto Porter Jr.,1610612761,1,10.45,4,2,4,0,1,0
1631172,Ousmane Dieng,1610612760,5,113.65166666666667,44,15,23,1,1,9
200782,P.J. Tucker,1610612746,3,49.45,0,5,12,3,1,2
1629023,P.J. Washington,1610612742,4,101.63333333333334,54,5,22,3,4,10
1631094,Paolo Banchero,1610612753,3,59.666666666666664,23,9,12,5,2,4
1627783,Pascal Siakam,1610612754,4,93.86666666666666,61,12,23,5,2,10
1626192,Pat Connaughton,1610612749,5,106.395,41,12,28,3,1,5
1631116,Patrick Baldwin Jr.,1610612764,2,22.5,2,0,3,0,1,1
201976,Patrick Beverley,1610612749,4,59.05,27,6,8,0,0,6
1630172,Patrick Williams,1610612741,5,119.0,55,6,15,1,2,12
201988,Patty Mills,1610612748,4,36.233333333333334,3,4,3,2,0,3
202331,Paul George,1610612746,3,52.71666666666667,34,7,14,3,0,2
1630194,Paul Reed,1610612755,4,83.72166666666666,39,8,25,4,3,5
1630202,Payton Pritchard,1610612738,5,114.9,78,24,9,7,0,7
1631250,Pete Nance,1610612739,2,16.8,2,0,2,0,1,2
1631212,Peyton Watson,1610612743,5,115.17666666666666,35,7,14,5,3,9
1630173,Precious Achiuwa,1610612752,1,17.416666666666668,9,3,6,2,2,1
1629656,Quentin Grimes,1610612765,4,86.76333333333334,37,9,8,4,0,4
1631245,Quenton Jackson,1610612754,3,26.2,15,4,4,1,0,2
1630181,R.J. Hampton,1610612748,2,39.5,17,8,6,1,0,3
1629628,RJ Barrett,1610612761,3,75.56666666666666,54,7,11,2,0,5
1626154,RJ Hunter,1610612766,3,18.933333333333334,3,0,5,1,0,0
1641712,Rayan Rupert,1610612757,4,58.7,13,4,9,1,0,5
203493,Reggie Bullock Jr.,1610612745,4,42.06666666666667,3,2,5,1,0,1
202704,Reggie Jackson,1610612743,4,66.95,45,5,7,1,1,6
1626158,Richaun Holmes,1610612764,4,35.05,4,1,12,2,2,2
1641741,Ricky Council IV,1610612755,3,24.916666666666668,10,1,5,2,0,0
203496,Robert Covington,1610612755,4,67.53333333333333,22,1,9,5,4,2
201577,Robin Lopez,1610612749,5,85.515,12,6,11,1,6,10
203585,Rodney McGruder,1610612744,1,20.283333333333335,8,0,5,0,0,0
1629641,Romeo Langford,1610612762,1,6.5,4,2,0,0,0,2
1631199,Ron Harper Jr.,1610612761,2,17.783333333333335,8,2,1,0,1,0
1626220,Royce O'Neale,1610612756,4,80.9,34,11,18,3,5,4
200752,Rudy Gay,1610612744,1,8.016666666666667,0,1,3,1,0,1
203497,Rudy Gobert,1610612750,4,83.75,30,3,29,2,4,3
1629060,Rui Hachimura,1610612747,6,122.08333333333333,63,7,24,2,1,7
201566,Russell Westbrook,1610612746,2,32.8,7,10,10,2,0,4
1627853,Ryan Arcidiacono,1610612752,1,15.2,0,1,4,0,0,0
1631157,Ryan Rollins,1610612749,4,58.5,28,7,10,1,2,1
1630240,Saben Lee,1610612756,5,105.27333333333333,57,19,14,3,1,9
1630180,Saddiq Bey,1610612737,3,65.85,43,1,20,4,0,4
1630573,Sam Hauser,1610612738,5,107.75,42,8,19,7,1,2
1630241,Sam Merrill,1610612739,4,32.36666666666667,13,4,6,1,0,4
1630572,Sandro Mamukelashvili,1610612759,5,41.03333333333333,23,3,6,3,0,2
1630583,Santi Aldama,1610612763,5,98.38333333333334,67,9,28,3,2,4
1628426,Sasha Vezenkov,1610612758,5,83.00833333333334,34,3,21,1,1,3
1630703,Scoot Henderson,1610612757,4,113.25,54,23,6,2,0,14
1630567,Scottie Barnes,1610612761,4,88.5,74,12,24,4,7,12
1630590,Scotty Pippen Jr.,1610612763,2,31.433333333333334,9,7,5,3,0,4
203552,Seth Curry,1610612766,3,43.083333333333336,19,2,4,1,1,0
1641754,Seth Lundy,1610612737,5,33.85,21,0,7,1,2,3
1631101,Shaedon Sharpe,1610612757,4,100.96666666666667,56,11,18,4,0,9
1628983,Shai Gilgeous-Alexander,1610612760,2,46.53333333333333,22,8,7,6,2,3
1629003,Shake Milton,1610612752,4,79.46666666666667,32,14,9,1,1,6
1627885,Shaquille Harrison,1610612763,4,48.43333333333333,2,2,11,3,2,1
1630536,Sharife Cooper,1610612739,2,20.661666666666665,7,8,6,0,1,5
1631321,Sidy Cissoko,1610612759,5,45.45,2,4,6,3,2,1
1631323,Simone Fontecchio,1610612765,5,73.18333333333334,28,7,13,2,0,4
1641811,Sir'Jabari Rice,1610612759,2,11.333333333333334,7,3,0,1,0,0
1630219,Skylar Mays,1610612747,4,54.666666666666664,31,15,6,7,0,7
203915,Spencer Dinwiddie,1610612747,4,96.37166666666667,41,19,10,1,1,3
1630649,Stanley Umude,1610612765,4,67.81,37,7,12,1,2,3
201939,Stephen Curry,1610612744,4,85.08333333333333,67,12,13,6,3,10
203500,Steven Adams,1610612745,2,27.133333333333333,9,1,10,1,2,3
1629004,Svi Mykhailiuk,1610612738,3,53.583333333333336,36,4,9,1,0,2
204456,T.J. McConnell,1610612754,4,66.95,34,24,10,2,0,4
201959,Taj Gibson,1610612765,2,15.0,5,1,2,0,1,0
1629659,Talen Horton-Tucker,1610612762,5,107.05,71,22,20,4,1,12
1631106,Tari Eason,1610612745,2,40.62166666666667,19,3,12,5,1,4
1627752,Taurean Prince,1610612747,6,104.41666666666667,56,4,13,8,0,1
1641707,Taylor Hendricks,1610612762,5,59.733333333333334,19,1,13,3,0,5
1629611,Terance Mann,1610612746,4,81.55,26,4,14,3,0,4
1631173,Terquavion Smith,1610612755,3,20.7,14,2,1,2,1,1
1626179,Terry Rozier,1610612748,4,102.5,59,18,16,7,2,6
1630678,Terry Taylor,1610612741,4,50.21666666666667,19,7,19,1,0,5
1641856,Tevian Jones,1610612740,1,4.666666666666667,0,0,0,0,0,1
201152,Thaddeus Young,1610612756,3,41.166666666666664,17,4,11,2,0,3
203648,Thanasis Antetokounmpo,1610612749,5,73.7,34,2,14,2,5,3
1628418,Thomas Bryant,1610612748,5,87.48333333333333,48,4,25,1,1,7
203501,Tim Hardaway Jr.,1610612742,3,61.55,41,4,8,4,0,4
202699,Tobias Harris,1610612755,4,103.98,51,10,27,4,2,7
1628470,Torrey Craig,1610612741,5,103.53333333333333,23,9,17,4,2,2
1641787,Tosan Evbuomwan,1610612765,4,17.803333333333335,3,0,6,0,0,0
1641739,Toumani Camara,1610612757,4,56.65,27,8,11,3,3,3
1629027,Trae Young,1610612737,4,79.33333333333333,66,23,6,6,0,15
1631218,Trayce Jackson-Davis,1610612744,5,79.96,31,3,22,2,5,2
1630200,Tre Jones,1610612759,4,78.93333333333334,33,22,8,7,1,5
1630544,Tre Mann,1610612766,4,63.85166666666667,29,8,13,1,1,6
1630570,Trendon Watford,1610612751,3,49.583333333333336,35,4,14,0,2,7
1630235,Trent Forrest,1610612737,5,74.88333333333334,27,15,9,5,0,6
1630243,Trevelin Queen,1610612753,4,53.583333333333336,37,7,5,5,1,4
1631309,Trevor Hudgins,1610612745,3,21.416666666666668,9,7,1,0,0,0
1631211,Trevor Keels,1610612750,3,37.05,7,5,2,2,0,3
1641998,Trey Jemison III,1610612763,4,60.916666666666664,17,6,27,0,3,6
1626168,Trey Lyles,1610612758,3,51.56666666666667,21,2,6,3,1,0
202684,Tristan Thompson,1610612739,4,40.016666666666666,6,5,13,1,1,3
1628972,Troy Brown Jr.,1610612765,5,89.88333333333334,40,5,17,3,0,3
1629660,Ty Jerome,1610612739,4,69.73333333333333,37,20,12,1,1,4
1631102,TyTy Washington Jr.,1610612749,4,55.06666666666667,25,13,9,4,0,3
1629639,Tyler Herro,1610612748,3,70.9,65,13,9,0,0,4
1630169,Tyrese Haliburton,1610612754,2,51.483333333333334,29,17,7,5,1,4
1631213,Tyrese Martin,1610612750,3,36.266666666666666,14,6,9,2,1,3
1630178,Tyrese Maxey,1610612755,4,103.76666666666667,64,22,9,7,2,6
1626145,Tyus Jones,1610612764,4,91.46666666666667,36,17,16,6,2,5
1628962,Udoka Azubuike,1610612756,4,47.25,11,1,14,0,4,3
1630586,Usman Garuba,1610612744,2,9.33,2,0,3,1,1,0
203995,Vasilije Micić,1610612766,4,74.04,22,24,9,3,0,10
1641705,Victor Wembanyama,1610612759,4,83.41666666666667,77,6,19,4,11,11
1631246,Vince Williams Jr.,1610612763,2,37.71666666666667,18,3,12,1,3,3
1641941,Vincent Valerio-Bodon,1610612747,1,5.016666666666667,0,0,2,0,1,0
1630249,Vít Krejčí,1610612737,1,7.4,4,1,2,0,0,0
1631117,Walker Kessler,1610612762,5,104.13333333333334,40,7,32,2,10,2
1628976,Wendell Carter Jr.,1610612753,3,58.95,29,8,17,1,2,9
1631111,Wendell Moore Jr.,1610612750,5,80.78333333333333,20,12,9,3,1,3
1629117,Wenyen Gabriel,1610612763,3,24.716666666666665,7,1,8,1,1,2
202083,Wesley Matthews,1610612737,4,42.96666666666667,5,3,9,0,1,5
1641645,Xavier Cooks,1610612764,3,24.066666666666666,2,2,8,0,0,1
1629875,Xavier Moon,1610612746,4,79.76666666666667,36,13,14,1,2,5
1630214,Xavier Tillman,1610612738,4,79.1,31,6,23,6,4,0
1629139,Yuta Watanabe,1610612763,4,83.49666666666667,41,3,11,2,0,5
1628380,Zach Collins,1610612759,4,86.93333333333334,57,19,25,4,2,9
203897,Zach LaVine,1610612741,3,71.04833333333333,51,9,10,6,0,6
1630285,Zavier Simpson,1610612763,2,27.483333333333334,6,7,5,0,0,2
1630192,Zeke Nnaji,1610612743,5,95.36,46,8,24,4,6,3
1629015,Zhaire Smith,1610612739,3,20.083333333333332,2,2,5,3,0,0
1630533,Ziaire Williams,1610612763,5,102.95,62,8,18,4,3,6
1629627,Zion Williamson,1610612740,4,77.45,48,15,14,5,2,9
